reference,name
paaspop.nl,Paaspop
amsterdamopenair.nl,Amsterdam Open Air
boothstock.nl,Boothstock Festival
www.parkpop.nl,Parkpop
pinkpop.nl,Pinkpop
oh-my.nl,Oh My!
wirelessfestival.co.uk,Wireless London
woohahxrollingloud.com,Woohah festival
sensation.com,Sensation
chinchinfestival.nl,Chin Chin Festival
northseajazz.com,North Sea Jazz
vunzigedeuntjesfestival.nl,Vunzige Deuntjes
zwartecross.nl,Zwarte Cross
tomorrowland.com,Tomorrow land
welcometothefuture.nl,Welcome to the future
awakenings.com,Awakenings
solarweekend.com,Solar weekend
crazysexycoolfestival.nl,Crazy Sexy Cool
dancevalley.com,Dance Valley
loveland.nl,Loveland Festival
dutchvalleyfestival.nl,Dutch Valley
lowlands.nl,Lowlands
latinvillage.nl,Latin Village
mysteryland.nl,Mysteryland
valtifest.nl,Valtifest
elrow.com,Elrow town holland
adayatthepark.nl,A day at the park
tiktakfestival.nl,Tiktak festival
dgtl.nl,DGTL